{
  "hash": "d75d119d",
  "configHash": "02d1cc2e",
  "lockfileHash": "71617f91",
  "browserHash": "175e2543",
  "optimized": {
    "@angular/animations": {
      "src": "../../../../../../node_modules/@angular/animations/fesm2022/animations.mjs",
      "file": "@angular_animations.js",
      "fileHash": "a0da96f0",
      "needsInterop": false
    },
    "@angular/common": {
      "src": "../../../../../../node_modules/@angular/common/fesm2022/common.mjs",
      "file": "@angular_common.js",
      "fileHash": "daa698ee",
      "needsInterop": false
    },
    "@angular/common/http": {
      "src": "../../../../../../node_modules/@angular/common/fesm2022/http.mjs",
      "file": "@angular_common_http.js",
      "fileHash": "08c01b2b",
      "needsInterop": false
    },
    "@angular/core": {
      "src": "../../../../../../node_modules/@angular/core/fesm2022/core.mjs",
      "file": "@angular_core.js",
      "fileHash": "1e4751f2",
      "needsInterop": false
    },
    "@angular/forms": {
      "src": "../../../../../../node_modules/@angular/forms/fesm2022/forms.mjs",
      "file": "@angular_forms.js",
      "fileHash": "e94e5db7",
      "needsInterop": false
    },
    "@angular/platform-browser": {
      "src": "../../../../../../node_modules/@angular/platform-browser/fesm2022/platform-browser.mjs",
      "file": "@angular_platform-browser.js",
      "fileHash": "00baee07",
      "needsInterop": false
    },
    "@angular/platform-browser/animations": {
      "src": "../../../../../../node_modules/@angular/platform-browser/fesm2022/animations.mjs",
      "file": "@angular_platform-browser_animations.js",
      "fileHash": "da014caa",
      "needsInterop": false
    },
    "@angular/router": {
      "src": "../../../../../../node_modules/@angular/router/fesm2022/router.mjs",
      "file": "@angular_router.js",
      "fileHash": "175127af",
      "needsInterop": false
    },
    "rxjs": {
      "src": "../../../../../../node_modules/rxjs/dist/esm5/index.js",
      "file": "rxjs.js",
      "fileHash": "433fa0b4",
      "needsInterop": false
    }
  },
  "chunks": {
    "chunk-2GMFAYV7": {
      "file": "chunk-2GMFAYV7.js"
    },
    "chunk-YKXWKJMJ": {
      "file": "chunk-YKXWKJMJ.js"
    },
    "chunk-VQK45IQV": {
      "file": "chunk-VQK45IQV.js"
    },
    "chunk-4TNHHNSH": {
      "file": "chunk-4TNHHNSH.js"
    },
    "chunk-GIYX2BAP": {
      "file": "chunk-GIYX2BAP.js"
    },
    "chunk-U7YDHSFO": {
      "file": "chunk-U7YDHSFO.js"
    },
    "chunk-UGCR7KEQ": {
      "file": "chunk-UGCR7KEQ.js"
    },
    "chunk-S35MAB2V": {
      "file": "chunk-S35MAB2V.js"
    }
  }
}